[
  {
    "id": 1,
    "category": "Comida & Bebidas",
    "text": "Se sua semana fosse um sabor de pizza, qual seria?"
  },
  {
    "id": 2,
    "category": "Comida & Bebidas",
    "text": "Qual lanche define sua produtividade?"
  },
  {
    "id": 3,
    "category": "Comida & Bebidas",
    "text": "Se você fosse um prato do self-service, seria qual?"
  },
  {
    "id": 4,
    "category": "Comida & Bebidas",
    "text": "Qual comida você nunca dividiria, nem com o time?"
  },
  {
    "id": 5,
    "category": "Comida & Bebidas",
    "text": "Qual a maior “gambiarra” gastronômica que você já fez?"
  },
  {
    "id": 6,
    "category": "Comida & Bebidas",
    "text": "Se a sprint fosse uma sobremesa, qual seria?"
  },
  {
    "id": 7,
    "category": "Comida & Bebidas",
    "text": "Qual prato deveria ser banido do almoço corporativo?"
  },
  {
    "id": 8,
    "category": "Comida & Bebidas",
    "text": "Qual snack secreto você come escondido durante reuniões?"
  },
  {
    "id": 9,
    "category": "Comida & Bebidas",
    "text": "Se cada pessoa fosse uma fruta, qual fruta você seria?"
  },
  {
    "id": 10,
    "category": "Comida & Bebidas",
    "text": "Qual fast-food combina mais com o time?"
  },
  {
    "id": 11,
    "category": "Filmes, Séries & Cultura Pop",
    "text": "Se essa sprint fosse um episódio de série, qual o título?"
  },
  {
    "id": 12,
    "category": "Filmes, Séries & Cultura Pop",
    "text": "Qual personagem de série você foi nessa sprint?"
  },
  {
    "id": 13,
    "category": "Filmes, Séries & Cultura Pop",
    "text": "Se o time fosse uma série, seria sitcom, drama ou novela mexicana?"
  },
  {
    "id": 14,
    "category": "Filmes, Séries & Cultura Pop",
    "text": "Qual filme define a última release?"
  },
  {
    "id": 15,
    "category": "Filmes, Séries & Cultura Pop",
    "text": "Quem seria o vilão do nosso time em um filme?"
  },
  {
    "id": 16,
    "category": "Filmes, Séries & Cultura Pop",
    "text": "Qual herói da Marvel mais parece com a equipe?"
  },
  {
    "id": 17,
    "category": "Filmes, Séries & Cultura Pop",
    "text": "Se cada bug fosse um personagem de Star Wars, quem seria o Darth Vader?"
  },
  {
    "id": 18,
    "category": "Filmes, Séries & Cultura Pop",
    "text": "Qual reality show nossa sprint lembraria?"
  },
  {
    "id": 19,
    "category": "Filmes, Séries & Cultura Pop",
    "text": "Se o time fosse uma banda famosa, qual seria?"
  },
  {
    "id": 20,
    "category": "Filmes, Séries & Cultura Pop",
    "text": "Quem seria o narrador se fizéssemos um documentário do time?"
  },
  {
    "id": 21,
    "category": "Imaginação & Mundo Paralelo",
    "text": "Se você tivesse um superpoder na sprint, qual seria?"
  },
  {
    "id": 22,
    "category": "Imaginação & Mundo Paralelo",
    "text": "Se fosse um Pokémon, qual seria?"
  },
  {
    "id": 23,
    "category": "Imaginação & Mundo Paralelo",
    "text": "Qual personagem de RPG você seria no time?"
  },
  {
    "id": 24,
    "category": "Imaginação & Mundo Paralelo",
    "text": "Se cada pessoa fosse um item de videogame, qual seria você?"
  },
  {
    "id": 25,
    "category": "Imaginação & Mundo Paralelo",
    "text": "Se a sprint fosse um animal, qual seria?"
  },
  {
    "id": 26,
    "category": "Imaginação & Mundo Paralelo",
    "text": "Se o backlog fosse uma selva, quem sobreviveria?"
  },
  {
    "id": 27,
    "category": "Imaginação & Mundo Paralelo",
    "text": "Qual poder inútil você gostaria de ter?"
  },
  {
    "id": 28,
    "category": "Imaginação & Mundo Paralelo",
    "text": "Se fôssemos vilões, qual seria o nosso plano maligno?"
  },
  {
    "id": 29,
    "category": "Imaginação & Mundo Paralelo",
    "text": "Se o time fosse um planeta, qual seria?"
  },
  {
    "id": 30,
    "category": "Imaginação & Mundo Paralelo",
    "text": "Se tivéssemos que montar uma casa do Big Brother, quem sairia primeiro?"
  },
  {
    "id": 31,
    "category": "Vida de Trabalho & Home Office",
    "text": "Qual foi a coisa mais aleatória que aconteceu numa reunião?"
  },
  {
    "id": 32,
    "category": "Vida de Trabalho & Home Office",
    "text": "Qual desculpa mais criativa para não abrir a câmera você já ouviu?"
  },
  {
    "id": 33,
    "category": "Vida de Trabalho & Home Office",
    "text": "Quem do time seria o mais provável a esquecer de sair do mudo?"
  },
  {
    "id": 34,
    "category": "Vida de Trabalho & Home Office",
    "text": "Qual hábito do home office você não teria coragem de contar?"
  },
  {
    "id": 35,
    "category": "Vida de Trabalho & Home Office",
    "text": "Se o time fosse um bot, qual bug teria?"
  },
  {
    "id": 36,
    "category": "Vida de Trabalho & Home Office",
    "text": "Qual notificação mais inútil você recebeu essa semana?"
  },
  {
    "id": 37,
    "category": "Vida de Trabalho & Home Office",
    "text": "Qual música deveria tocar quando alguém atrasa a daily?"
  },
  {
    "id": 38,
    "category": "Vida de Trabalho & Home Office",
    "text": "Se o time tivesse um mascote, qual seria?"
  },
  {
    "id": 39,
    "category": "Vida de Trabalho & Home Office",
    "text": "Qual “atalho” você mais usa para parecer ocupado?"
  },
  {
    "id": 40,
    "category": "Vida de Trabalho & Home Office",
    "text": "Qual emoji define sua semana?"
  },
  {
    "id": 41,
    "category": "Jogos & Competição",
    "text": "Se a sprint fosse um jogo, seria Dark Souls, Mario Kart ou The Sims?"
  },
  {
    "id": 42,
    "category": "Jogos & Competição",
    "text": "Quem mais provavelmente pularia o tutorial do jogo?"
  },
  {
    "id": 43,
    "category": "Jogos & Competição",
    "text": "Qual tarefa foi “chefão final” da sprint?"
  },
  {
    "id": 44,
    "category": "Jogos & Competição",
    "text": "Quem do time seria bom em Among Us?"
  },
  {
    "id": 45,
    "category": "Jogos & Competição",
    "text": "Qual power-up você gostaria de ganhar no trabalho?"
  },
  {
    "id": 46,
    "category": "Jogos & Competição",
    "text": "Qual bug virou fase secreta do jogo?"
  },
  {
    "id": 47,
    "category": "Jogos & Competição",
    "text": "Se a sprint fosse um jogo de tabuleiro, qual seria?"
  },
  {
    "id": 48,
    "category": "Jogos & Competição",
    "text": "Quem do time seria o jogador que sempre trapaceia?"
  },
  {
    "id": 49,
    "category": "Jogos & Competição",
    "text": "Qual conquista secreta você desbloqueou nessa semana?"
  },
  {
    "id": 50,
    "category": "Jogos & Competição",
    "text": "Qual colega seria seu parceiro de dupla no Just Dance?"
  },
  {
    "id": 51,
    "category": "Vida Pessoal & Aleatórias",
    "text": "Qual a coisa mais estranha que você já pesquisou no Google?"
  },
  {
    "id": 52,
    "category": "Vida Pessoal & Aleatórias",
    "text": "Qual desculpa mais engraçada você já deu para faltar em algo?"
  },
  {
    "id": 53,
    "category": "Vida Pessoal & Aleatórias",
    "text": "Se tivesse que trocar de vida com alguém do time, quem seria?"
  },
  {
    "id": 54,
    "category": "Vida Pessoal & Aleatórias",
    "text": "Qual hábito aleatório você tem que ninguém imagina?"
  },
  {
    "id": 55,
    "category": "Vida Pessoal & Aleatórias",
    "text": "Se fosse um meme, qual seria?"
  },
  {
    "id": 56,
    "category": "Vida Pessoal & Aleatórias",
    "text": "Qual aplicativo você usou mais essa semana fora do trabalho?"
  },
  {
    "id": 57,
    "category": "Vida Pessoal & Aleatórias",
    "text": "Se tivesse que virar influencer, sobre o que seria?"
  },
  {
    "id": 58,
    "category": "Vida Pessoal & Aleatórias",
    "text": "Qual foi a maior “treta inútil” que você já viu na internet?"
  },
  {
    "id": 59,
    "category": "Vida Pessoal & Aleatórias",
    "text": "Qual é a coisa mais aleatória que tem na sua mesa agora?"
  },
  {
    "id": 60,
    "category": "Vida Pessoal & Aleatórias",
    "text": "Qual talento inútil você domina?"
  },
  {
    "id": 61,
    "category": "Animais",
    "text": "Se você fosse um animal doméstico, qual seria?"
  },
  {
    "id": 62,
    "category": "Animais",
    "text": "Qual bicho representa sua energia essa semana?"
  },
  {
    "id": 63,
    "category": "Animais",
    "text": "Se as tasks fossem pets, qual você adotaria?"
  },
  {
    "id": 64,
    "category": "Animais",
    "text": "Qual animal deveria ser o mascote da sprint?"
  },
  {
    "id": 65,
    "category": "Animais",
    "text": "Se o backlog fosse um zoológico, qual animal seria a pior task?"
  },
  {
    "id": 66,
    "category": "Animais",
    "text": "Se cada colega fosse um Pokémon, quem seria Pikachu?"
  },
  {
    "id": 67,
    "category": "Animais",
    "text": "Se fosse possível ter qualquer animal exótico, qual você teria?"
  },
  {
    "id": 68,
    "category": "Animais",
    "text": "Qual bicho combina mais com a cultura da empresa?"
  },
  {
    "id": 69,
    "category": "Animais",
    "text": "Quem do time seria um gato que derruba tudo da mesa?"
  },
  {
    "id": 70,
    "category": "Animais",
    "text": "Quem seria o cachorro que late para qualquer coisa?"
  },
  {
    "id": 71,
    "category": "Rápidas & Improvisadas",
    "text": "Qual música descreve seu humor hoje?"
  },
  {
    "id": 72,
    "category": "Rápidas & Improvisadas",
    "text": "Se fosse um emoji novo, qual inventaria?"
  },
  {
    "id": 73,
    "category": "Rápidas & Improvisadas",
    "text": "Qual hábito secreto você tem no home office?"
  },
  {
    "id": 74,
    "category": "Rápidas & Improvisadas",
    "text": "Qual seria o “grito de guerra” do time?"
  },
  {
    "id": 75,
    "category": "Rápidas & Improvisadas",
    "text": "Se tivéssemos uma figurinha exclusiva, qual seria?"
  },
  {
    "id": 76,
    "category": "Rápidas & Improvisadas",
    "text": "Qual foi a maior “gafe” de reunião que você já viveu?"
  },
  {
    "id": 77,
    "category": "Rápidas & Improvisadas",
    "text": "Se você fosse um app de celular, qual seria?"
  },
  {
    "id": 78,
    "category": "Rápidas & Improvisadas",
    "text": "Qual bordão deveria ser proibido no trabalho?"
  },
  {
    "id": 79,
    "category": "Rápidas & Improvisadas",
    "text": "Qual foi o melhor bug que já virou piada interna?"
  },
  {
    "id": 80,
    "category": "Rápidas & Improvisadas",
    "text": "Se fosse uma cor de post-it, qual seria?"
  },
  {
    "id": 81,
    "category": "Situações Malucas",
    "text": "Se a sprint fosse uma novela, qual seria a cena dramática?"
  },
  {
    "id": 82,
    "category": "Situações Malucas",
    "text": "Se cada bug fosse um vilão de desenho, quem seria o pior?"
  },
  {
    "id": 83,
    "category": "Situações Malucas",
    "text": "Qual reunião deveria ter versão “director’s cut”?"
  },
  {
    "id": 84,
    "category": "Situações Malucas",
    "text": "Se o time fosse um carro, quem seria o motorista distraído?"
  },
  {
    "id": 85,
    "category": "Situações Malucas",
    "text": "Qual foi a coisa mais nonsense que você ouviu no Slack/Teams?"
  },
  {
    "id": 86,
    "category": "Situações Malucas",
    "text": "Se fôssemos parar em um episódio de Simpsons, quem faria o quê?"
  },
  {
    "id": 87,
    "category": "Situações Malucas",
    "text": "Se o backlog fosse uma fila de banco, o que aconteceria?"
  },
  {
    "id": 88,
    "category": "Situações Malucas",
    "text": "Quem do time seria ótimo no MasterChef?"
  },
  {
    "id": 89,
    "category": "Situações Malucas",
    "text": "Quem seria eliminado primeiro em um apocalipse zumbi?"
  },
  {
    "id": 90,
    "category": "Situações Malucas",
    "text": "Quem mais provavelmente sobreviveria a um bug infinito?"
  },
  {
    "id": 91,
    "category": "Extras",
    "text": "Qual meme resume sua semana?"
  },
  {
    "id": 92,
    "category": "Extras",
    "text": "Se tivesse que dar um nome criativo para essa sprint, qual seria?"
  },
  {
    "id": 93,
    "category": "Extras",
    "text": "Quem seria o campeão se o time jogasse Uno agora?"
  },
  {
    "id": 94,
    "category": "Extras",
    "text": "Se fosse possível ter um “bot clone” no trabalho, o que ele faria?"
  },
  {
    "id": 95,
    "category": "Extras",
    "text": "Qual seria o bordão oficial do nosso time?"
  },
  {
    "id": 96,
    "category": "Extras",
    "text": "Se a empresa fosse uma música, qual seria?"
  },
  {
    "id": 97,
    "category": "Extras",
    "text": "Quem do time seria o narrador de novela mexicana?"
  },
  {
    "id": 98,
    "category": "Extras",
    "text": "Qual objeto define sua rotina remota?"
  },
  {
    "id": 99,
    "category": "Extras",
    "text": "Quem seria o mais provável a virar TikToker famoso?"
  },
  {
    "id": 100,
    "category": "Extras",
    "text": "Se a sprint fosse um feriado, qual seria?"
  },
  {
    "id": 101,
    "category": "Extras",
    "text": "Se pudesse apagar uma tarefa da memória, qual seria?"
  },
  {
    "id": 102,
    "category": "Extras",
    "text": "Qual seria o tema da festa de fim de sprint?"
  },
  {
    "id": 103,
    "category": "Extras",
    "text": "Qual título você daria se a sprint fosse um livro?"
  },
  {
    "id": 104,
    "category": "Extras",
    "text": "Quem faria mais sucesso em stand-up comedy?"
  },
  {
    "id": 105,
    "category": "Extras",
    "text": "Qual bug você tatuaria de tanto que marcou?"
  }
]